<annotation>
	<folder>Train images</folder>
	<filename>Arla-Ecological-Medium-Fat-Milk_010.jpg</filename>
	<path>C:/Users/ntihish/Documents/IUB/Deep Learning/Project/Train images/Arla-Ecological-Medium-Fat-Milk_010.jpg</path>
	<source>
		<database>Unknown</database>
	</source>
	<size>
		<width>348</width>
		<height>348</height>
		<depth>3</depth>
	</size>
	<segmented>0</segmented>
	<object>
		<name>Milk</name>
		<pose>Unspecified</pose>
		<truncated>1</truncated>
		<difficult>0</difficult>
		<bndbox>
			<xmin>52</xmin>
			<ymin>61</ymin>
			<xmax>235</xmax>
			<ymax>348</ymax>
		</bndbox>
	</object>
</annotation>
